IP地址,端口,TLS,数据中心,源IP位置,地区,城市,地区(中文),锟斤拷,城市(中文),国旗,网络延迟,下载速度
46.232.105.78,7443,TRUE,HK,HK,Asia Pacific,Hong Kong,亚洲,香港,香港,????,57 ms,26093 kB/s
23.141.12.23,8443,TRUE,HK,HK,Asia Pacific,Hong Kong,亚洲,香港,香港,????,103 ms,17142 kB/s
202.85.53.92,7000,TRUE,HK,HK,Asia Pacific,Hong Kong,亚洲,香港,香港,????,105 ms,15037 kB/s
8.217.7.22,8081,TRUE,HK,HK,Asia Pacific,Hong Kong,亚洲,香港,香港,????,77 ms,14201 kB/s
38.207.132.127,19780,TRUE,HK,HK,Asia Pacific,Hong Kong,亚洲,香港,香港,????,69 ms,12919 kB/s
43.100.21.205,20027,TRUE,HK,HK,Asia Pacific,Hong Kong,亚洲,香港,香港,????,66 ms,12834 kB/s
202.85.53.160,7000,TRUE,HK,HK,Asia Pacific,Hong Kong,亚洲,香港,香港,????,103 ms,12177 kB/s
103.44.255.81,443,TRUE,HK,HK,Asia Pacific,Hong Kong,亚洲,香港,香港,????,54 ms,11433 kB/s
202.85.53.77,7000,TRUE,HK,HK,Asia Pacific,Hong Kong,亚洲,香港,香港,????,106 ms,10897 kB/s
38.147.185.203,41207,TRUE,HK,HK,Asia Pacific,Hong Kong,亚洲,香港,香港,????,67 ms,9863 kB/s
38.55.124.82,10150,TRUE,HK,HK,Asia Pacific,Hong Kong,亚洲,香港,香港,????,74 ms,9519 kB/s
8.217.154.146,2026,TRUE,HK,HK,Asia Pacific,Hong Kong,亚洲,香港,香港,????,81 ms,8758 kB/s
121.14.131.136,7000,TRUE,HK,HK,Asia Pacific,Hong Kong,亚洲,香港,香港,????,73 ms,8218 kB/s
45.78.37.195,443,TRUE,HK,HK,Asia Pacific,Hong Kong,亚洲,香港,香港,????,71 ms,8206 kB/s
102.134.55.53,20082,TRUE,HK,HK,Asia Pacific,Hong Kong,亚洲,香港,香港,????,69 ms,5800 kB/s
34.150.80.6,43244,TRUE,HK,HK,Asia Pacific,Hong Kong,亚洲,香港,香港,????,210 ms,5596 kB/s
202.81.230.146,443,TRUE,HK,HK,Asia Pacific,Hong Kong,亚洲,香港,香港,????,92 ms,5585 kB/s
103.51.145.18,8443,TRUE,HK,HK,Asia Pacific,Hong Kong,亚洲,香港,香港,????,57 ms,5568 kB/s
38.147.188.204,21017,TRUE,HK,HK,Asia Pacific,Hong Kong,亚洲,香港,香港,????,76 ms,15018 kB/s
43.161.225.160,7417,TRUE,HK,HK,Asia Pacific,Hong Kong,亚洲,香港,香港,????,96 ms,11360 kB/s
